ticker,sector,price,rsi_14,atr_14,atr_20,ema_20,sma_50,sma_200,rvol_30,dist_ema20_pct,dist_ema20_atr,min_stop_dist,is_extended,rsi_extended,pct_extended,atr_dist_extended,target_mean,upside_pct,gross_margin,rev_growth,fwd_pe
NVDA,COMPUTE,239.24,67.27,5.82,6.05,227.43,219.62,201.03,0.81,5.19,1.95,10.47,False,False,False,False,328.72,37.4,0.7467,1.059,15.14
TSM,COMPUTE,482.3,72.73,10.46,11.02,451.21,427.43,387.46,0.87,6.89,2.82,18.84,True,True,False,False,555.01,15.08,0.6423,0.36,22.0
AVGO,COMPUTE,375.81,58.98,11.26,11.75,358.16,372.16,366.64,1.2,4.93,1.5,20.26,False,False,False,False,531.31,41.38,0.7551,0.855,19.38
MRVL,COMPUTE,287.01,69.88,14.42,14.79,255.41,230.22,168.83,2.45,12.37,2.14,25.95,False,False,False,False,293.88,2.39,0.5222,0.365,42.52
ANET,COMPUTE,215.36,66.82,6.86,7.28,202.77,194.97,159.79,1.45,6.21,1.73,12.35,False,False,False,False,242.21,12.47,0.63,0.377,41.4
VRT,COMPUTE,253.14,49.55,11.33,12.41,251.56,259.3,265.49,0.87,0.63,0.13,20.39,False,False,False,False,337.43,33.3,0.3804,0.241,27.58
ARM,COMPUTE,302.56,56.65,17.68,18.3,288.97,267.37,217.64,0.66,4.7,0.74,31.82,False,False,False,False,290.7,-3.92,0.9754,0.224,98.79
MU,COMPUTE,1045.56,53.94,43.44,47.37,1036.13,961.81,689.76,0.86,0.91,0.2,78.19,False,False,False,False,1535.57,46.87,0.8072,3.793,5.07
AMD,COMPUTE,649.42,72.16,23.98,24.72,588.08,518.82,379.09,1.19,10.43,2.48,43.16,True,True,False,False,636.21,-2.03,0.5572,0.501,41.31
CLS,COMPUTE,388.24,64.82,19.17,19.77,356.44,333.15,331.73,0.55,8.92,1.61,34.51,False,False,False,False,473.91,22.07,0.1195,0.624,19.75
NBIS,COMPUTE,249.87,58.74,16.4,17.21,231.96,220.99,169.37,1.44,7.72,1.04,29.51,False,False,False,False,282.53,13.07,0.7426,4.54,-71.58
CEG,POWER,300.4,67.16,13.05,12.09,268.82,271.82,286.38,4.15,11.75,2.61,23.49,False,False,False,False,341.53,13.69,0.2211,0.23,22.55
VST,POWER,160.5,71.83,5.99,5.8,143.01,142.83,154.32,3.3,12.23,3.01,10.77,True,False,False,True,210.25,31.0,0.3831,-0.055,15.41
GEV,POWER,1029.21,64.96,37.84,39.43,964.58,965.2,920.67,1.17,6.7,1.64,68.11,False,False,False,False,1230.34,19.54,0.2057,0.219,40.88
TLN,POWER,373.11,74.35,16.64,16.31,316.73,319.0,351.73,3.14,17.8,3.46,29.95,True,True,False,True,455.65,22.12,0.421,1.112,12.13
NRG,POWER,103.6,47.83,4.4,4.57,102.68,112.64,139.62,1.63,0.9,0.2,7.92,False,False,False,False,185.5,79.05,0.188,0.11,9.26
NEE,POWER,77.88,42.21,1.35,1.36,78.47,82.28,86.29,1.07,-0.75,-0.43,2.43,False,False,False,False,97.42,25.09,0.6102,0.124,17.74
ETN,POWER,445.09,59.94,13.61,14.04,429.03,423.27,388.76,0.81,3.74,1.14,24.5,False,False,False,False,481.55,8.19,0.3602,0.214,27.4
CCJ,POWER,93.02,52.44,3.54,3.61,90.84,94.68,105.7,1.97,2.4,0.6,6.36,False,False,False,False,127.05,36.59,0.3511,-0.072,51.2
SMR,POWER,8.02,43.41,0.57,0.61,8.39,8.99,11.86,1.21,-4.45,-0.62,1.02,False,False,False,False,11.97,49.21,0.2354,-0.991,-12.15
OKLO,POWER,38.55,49.42,2.24,2.45,38.12,40.46,59.03,1.62,1.13,0.18,4.02,False,False,False,False,75.78,96.56,0.4041,,-36.71
ISRG,ROBOTICS,404.76,57.97,11.46,11.63,395.24,382.38,445.71,0.75,2.41,0.82,20.63,False,False,False,False,477.21,17.9,0.6668,0.185,33.46
SYM,ROBOTICS,44.15,55.71,1.72,1.8,42.83,42.21,50.28,1.02,3.07,0.73,3.1,False,False,False,False,62.86,42.37,0.2127,0.217,57.22
TER,ROBOTICS,430.32,62.05,20.04,21.12,398.34,378.65,337.36,0.85,8.03,1.51,36.08,False,False,False,False,446.47,3.75,0.5924,1.039,36.93
ROK,ROBOTICS,450.74,62.73,10.33,10.65,436.18,436.96,422.39,0.83,3.34,1.37,18.59,False,False,False,False,477.12,5.85,0.4909,0.079,30.23
ZBRA,ROBOTICS,385.78,69.0,10.83,11.05,366.09,355.61,268.41,1.2,5.38,1.78,19.5,False,False,False,False,413.85,7.28,0.4958,0.204,17.36
PATH,ROBOTICS,13.1,43.18,0.69,0.73,13.52,14.67,12.65,0.34,-3.13,-0.58,1.25,False,False,False,False,15.5,18.31,0.8258,0.134,14.22
SERV,ROBOTICS,4.77,53.12,0.26,0.28,4.63,4.77,8.05,0.7,3.04,0.51,0.47,False,False,False,False,12.14,154.57,,4.044,-2.72
ONDS,ROBOTICS,7.41,46.41,0.41,0.45,7.49,7.98,9.44,0.81,-1.04,-0.18,0.73,False,False,False,False,18.88,154.72,0.4372,12.354,-370.5
RKLB,ROBOTICS,75.06,59.78,4.04,4.26,70.41,70.1,81.61,1.36,6.6,1.09,7.27,False,False,False,False,109.15,45.42,0.3726,0.62,1390.26
